productCode,warehouseCode,quantityInStock,total_ordered_item,avg_monthly_sales,good_stock_level
S18_3233,b,7733,0,0,0
S18_4933,b,3209,767,43,511
S24_1046,b,1005,803,45,535
S24_3969,c,2081,824,46,549
S18_2248,c,540,832,46,555
S18_2870,b,8164,855,48,570
S18_4409,c,6553,866,48,577
S24_4048,b,6582,867,48,578
S24_3191,b,4695,870,48,580
S24_2887,b,1452,873,49,582
